mutant,status,exit_code,result_dir,review_note
0001-measurement-exclusive-bounds,killed,65,mutation-results/20260630-233047-87664/0001-measurement-exclusive-bounds,Added exact minimum and maximum measurement boundary tests.
0002-measurement-no-input-trim,killed,65,mutation-results/20260630-233047-87664/0002-measurement-no-input-trim,Added whitespace-trimmed numeric measurement input test.
0003-measurement-skip-precision-validation,killed,65,mutation-results/20260630-233047-87664/0003-measurement-skip-precision-validation,Existing precision validation tests still catch this mutant.
0004-rule-refs-include-duplicates-and-empty,killed,65,mutation-results/20260630-233047-87664/0004-rule-refs-include-duplicates-and-empty,Existing rule aggregation and view-state assertions still catch this mutant.
0005-json-step-no-inherited-rule-reference,killed,65,mutation-results/20260630-233047-87664/0005-json-step-no-inherited-rule-reference,Added decoded test case fallback test for inherited step rule references.
0006-submission-allow-empty-stage-submission,killed,65,mutation-results/20260630-233047-87664/0006-submission-allow-empty-stage-submission,Added empty stage submission rejection test.
0007-submission-allow-duplicate-test-case-id,killed,65,mutation-results/20260630-233047-87664/0007-submission-allow-duplicate-test-case-id,Added duplicate draft test case ID rejection test.
0008-coordinator-open-invalid-stage,killed,65,mutation-results/20260630-233047-87664/0008-coordinator-open-invalid-stage,Added invalid coordinator route guard test.
0009-path-sanitization-keep-colon,killed,65,mutation-results/20260630-233047-87664/0009-path-sanitization-keep-colon,Added path sanitization test for colon-containing IDs.
